{"m_id":"199","m_x_value":0.3561346628311339,"m_y_value":-0.002223861616753451,"m_z_value":-0.03342291458428562}{"m_id":"299","m_x_value":-0.5772652738199866,"m_y_value":0.4315943323051829,"m_z_value":0.03909282828953538}{"m_id":"399","m_x_value":-0.472723809231546,"m_y_value":-0.8881118137123006,"m_z_value":-0.00006024965140940285}{"m_id":"499","m_x_value":-0.1131433907873659,"m_y_value":-1.453506508510304,"m_z_value":-0.02789710063822546}{"m_id":"599","m_x_value":-3.5298745448497,"m_y_value":-4.086261913699325,"m_z_value":0.09590454676034951}{"m_id":"699","m_x_value":0.7985421859889403,"m_y_value":-10.02609704261347,"m_z_value":0.1425390425385958}{"m_id":"799","m_x_value":17.45719074141982,"m_y_value":9.53251504019332,"m_z_value":-0.1907564017714433}{"m_id":"899","m_x_value":28.80383412353757,"m_y_value":-8.159402633104918,"m_z_value":-0.4957863505464091}{"m_id":"999","m_x_value":11.2105870457354,"m_y_value":-31.63349786926911,"m_z_value":0.1422103342116779}{"m_id":"-143205","m_x_value":-0.7549057973056473,"m_y_value":-1.043044867764247,"m_z_value":-0.02423711609481071}{"m_id":"-189","m_x_value":-0.4533232004221185,"m_y_value":-0.907622370086777,"m_z_value":-0.0132899185543093}