{"m_id":"199","m_x_value":0.3610468738936975,"m_y_value":-0.05787041844680557,"m_z_value":-0.03841911827886588}{"m_id":"299","m_x_value":-0.5534713583866296,"m_y_value":0.462187958053619,"m_z_value":0.03813997427584162}{"m_id":"399","m_x_value":-0.5008886618085321,"m_y_value":-0.8722236877866807,"m_z_value":-0.00006003510528215321}{"m_id":"499","m_x_value":-0.1406792697813566,"m_y_value":-1.453478768493854,"m_z_value":-0.02722062900678866}{"m_id":"599","m_x_value":-3.540566030478578,"m_y_value":-4.077539625159784,"m_z_value":0.09610747371344017}{"m_id":"699","m_x_value":0.7885369764697302,"m_y_value":-10.02690214816471,"m_z_value":0.142951805679507}{"m_id":"799","m_x_value":17.4608338223804,"m_y_value":9.526290361122875,"m_z_value":-0.1908266547201918}{"m_id":"899","m_x_value":28.80224389245572,"m_y_value":-8.165188625004664,"m_z_value":-0.495629902215425}{"m_id":"999","m_x_value":11.20483879680643,"m_y_value":-31.63423125058856,"m_z_value":0.1439412139368866}{"m_id":"-143205","m_x_value":-0.7732313991176378,"m_y_value":-1.020310473447245,"m_z_value":-0.02415885794293463}