{"m_id":"199","m_x_value":0.350108268049192,"m_y_value":0.0276911978217172,"m_z_value":-0.03042640211843175}{"m_id":"299","m_x_value":-0.5893049930011196,"m_y_value":0.4147277086644712,"m_z_value":0.03955594072503119}{"m_id":"399","m_x_value":-0.4574652070367984,"m_y_value":-0.8962272623651184,"m_z_value":-0.00006024349595525428}{"m_id":"499","m_x_value":-0.09840481692790376,"m_y_value":-1.453317073117457,"m_z_value":-0.0282549009142816}{"m_id":"599","m_x_value":-3.524148548248495,"m_y_value":-4.090913889766309,"m_z_value":0.0957957869028884}{"m_id":"699","m_x_value":0.8038907969430604,"m_y_value":-10.02566245840647,"m_z_value":0.1423184331770021}{"m_id":"799","m_x_value":17.4552420800855,"m_y_value":9.535842514299026,"m_z_value":-0.1907187909028507}{"m_id":"899","m_x_value":17.4552420800855,"m_y_value":9.535842514299026,"m_z_value":-0.1907187909028507}{"m_id":"999","m_x_value":11.21367133200771,"m_y_value":-31.63309242451102,"m_z_value":0.1412863316886585}{"m_id":"-143205","m_x_value":-0.7449534198582933,"m_y_value":-1.054986602187646,"m_z_value":-0.02427403844246658}{"m_id":"-189","m_x_value":-0.4370639075108204,"m_y_value":-0.9168018467512736,"m_z_value":-0.01399294029266144}