{"m_id":"199","m_x_value":-0.1040893534067183,"m_y_value":0.3027925132964597,"m_z_value":0.03370662733025834}{"m_id":"299","m_x_value":-0.7145683633976747,"m_y_value":0.07413276637711407,"m_z_value":0.04210718662175209}{"m_id":"399","m_x_value":-0.1692255185298477,"m_y_value":-0.9942137963747347,"m_z_value":-0.00004925616239218492}{"m_id":"499","m_x_value":0.1628931550481454,"m_y_value":-1.426050815490101,"m_z_value":-0.03409727806484533}{"m_id":"599","m_x_value":-3.421613441371451,"m_y_value":-4.171983202404007,"m_z_value":0.09383863614687255}{"m_id":"699","m_x_value":0.8985866117283093,"m_y_value":-10.01747209731759,"m_z_value":0.1384068953516825}{"m_id":"799","m_x_value":17.42061622184669,"m_y_value":9.594713073569685,"m_z_value":-0.1900517179367336}{"m_id":"899","m_x_value":28.81967574375809,"m_y_value":-8.101498816413353,"m_z_value":-0.4973436901690826}{"m_id":"999","m_x_value":11.26822765586609,"m_y_value":-31.62604197051957,"m_z_value":0.1247379207098185}{"m_id":"-143205","m_x_value":-0.5534289727122823,"m_y_value":-1.24163906560929,"m_z_value":-0.02439012296836932}{"m_id":"-189","m_x_value":-0.1330820467614121,"m_y_value":-1.034306763343898,"m_z_value":-0.02560414876593953}