{"m_id":"199","m_x_value":-0.2934150095114033,"m_y_value":0.187008613376257,"m_z_value":0.04160863274060394}{"m_id":"299","m_x_value":-0.7146738191558902,"m_y_value":-0.06830375363204586,"m_z_value":0.04015738021134851}{"m_id":"399","m_x_value":-0.05114319552583298,"m_y_value":-1.007845957896003,"m_z_value":-0.00005178082316792761}{"m_id":"499","m_x_value":0.2637386186854367,"m_y_value":-1.403045004856309,"m_z_value":-0.03609050718493647}{"m_id":"599","m_x_value":-3.381100233002345,"m_y_value":-4.202878755227669,"m_z_value":0.09306061245131434}{"m_id":"699","m_x_value":0.93545557772357,"m_y_value":-10.01402831940603,"m_z_value":0.1368810569361193}{"m_id":"799","m_x_value":17.40706979336955,"m_y_value":9.617615062940468,"m_z_value":-0.1897909493221388}{"m_id":"899","m_x_value":28.82548813654575,"m_y_value":-8.080138605959956,"m_z_value":-0.4979170739046438}{"m_id":"999","m_x_value":11.28947393148293,"m_y_value":-31.62326516434743,"m_z_value":0.1183030344787017}{"m_id":"-143205","m_x_value":-0.4725284283274376,"m_y_value":-1.301598890823582,"m_z_value":-0.02417903872941485}{"m_id":"-189","m_x_value":-0.01012078213100097,"m_y_value":-1.056711430988647,"m_z_value":-0.02958442624899366}