{"m_id":"199","m_x_value":0.1010562833121352,"m_y_value":0.2974999237773572,"m_z_value":0.014459080276665}{"m_id":"299","m_x_value":-0.6914239546446659,"m_y_value":0.1972485769716247,"m_z_value":0.04246221305211575}{"m_id":"399","m_x_value":-0.2710044848821891,"m_y_value":-0.97068125610158,"m_z_value":-0.00005241498660365777}{"m_id":"499","m_x_value":0.07365390322899498,"m_y_value":-1.440509047924553,"m_z_value":-0.03220981416278916}{"m_id":"599","m_x_value":-3.456932416986756,"m_y_value":-4.14453105875575,"m_z_value":0.09451474337302746}{"m_id":"699","m_x_value":0.8661983152261219,"m_y_value":-10.02038326452316,"m_z_value":0.1397476403334137}{"m_id":"799","m_x_value":17.43248746443611,"m_y_value":9.574584016637744,"m_z_value":-0.1902798558110544}{"m_id":"899","m_x_value":28.81455786182747,"m_y_value":-8.120255137111777,"m_z_value":-0.4968395890408505}{"m_id":"999","m_x_value":11.24956336434572,"m_y_value":-31.6284654467404,"m_z_value":0.1303988545435724}{"m_id":"-143205","m_x_value":-0.6218834873694911,"m_y_value":-1.183085831736163,"m_z_value":-0.02446103561741944}{"m_id":"-189","m_x_value":-0.2397390004760837,"m_y_value":-1.003811880197728,"m_z_value":-0.0218378426548433}